{"count":1,"gauges":{},"self":112.4945408,"total":119.24496769999999,"children":{"AgentResetIfDone":{"count":5895,"self":0.0977946,"total":0.0977946,"children":null},"AgentSendState":{"count":5895,"self":0.18048129999999998,"total":0.35836629999999997,"children":{"CollectObservations":{"count":11791,"self":0.177885,"total":0.177885,"children":null}}},"DecideAction":{"count":5895,"self":5.1623204,"total":5.9417246,"children":{"RayPerceptionSensor.Perceive":{"count":5896,"self":0.77940429999999994,"total":0.77940429999999994,"children":null}}},"AcademyStep":{"count":5895,"self":0.0253432,"total":0.0253432,"children":null},"AgentAct":{"count":5895,"self":0.3251983,"total":0.3251983,"children":null}}}